Workbook

Sheet Ventes
A1: Produit | B1: Categorie | C1: Prix Unitaire (MAD) | D1: Jan | E1: Fev | F1: Mar | G1: Avr | H1: Mai | I1: Jun | J1: Jul | K1: Aou | L1: Sep | M1: Oct | N1: Nov | O1: Dec | P1: Total Annuel | Q1: Moyenne Mensuelle
A2: Casque Audio | B2: Audio | C2: 86.27 | D2: 75 | E2: 67 | F2: 62 | G2: 40 | H2: 193 | I2: 31 | J2: 178 | K2: 194 | L2: 144 | M2: 27 | N2: 156 | O2: 113 | P2: =SUM(D2:O2) -> 1280 | Q2: =AVERAGE(D2:O2) -> 106.66667
A3: Clavier Meca | B3: Audio | C3: 93.21 | D3: 60 | E3: 64 | F3: 134 | G3: 159 | H3: 11 | I3: 148 | J3: 55 | K3: 188 | L3: 171 | M3: 184 | N3: 144 | O3: 112 | P3: =SUM(D3:O3) -> 1430 | Q3: =AVERAGE(D3:O3) -> 119.16667
A4: Souris Gaming | B4: Peripherique | C4: 701.35 | D4: 76 | E4: 6 | F4: 199 | G4: 45 | H4: 183 | I4: 113 | J4: 92 | K4: 76 | L4: 44 | M4: 60 | N4: 200 | O4: 91 | P4: =SUM(D4:O4) -> 1185 | Q4: =AVERAGE(D4:O4) -> 98.75
A5: Ecran 27p | B5: Audio | C5: 184.48 | D5: 29 | E5: 96 | F5: 93 | G5: 159 | H5: 72 | I5: 16 | J5: 191 | K5: 122 | L5: 142 | M5: 36 | N5: 101 | O5: 25 | P5: =SUM(D5:O5) -> 1082 | Q5: =AVERAGE(D5:O5) -> 90.166667
A6: Webcam HD | B6: Mobilier | C6: 475.11 | D6: 165 | E6: 163 | F6: 97 | G6: 152 | H6: 54 | I6: 185 | J6: 22 | K6: 16 | L6: 174 | M6: 63 | N6: 79 | O6: 25 | P6: =SUM(D6:O6) -> 1195 | Q6: =AVERAGE(D6:O6) -> 99.583333
A7: Micro USB | B7: Peripherique | C7: 1306.4 | D7: 102 | E7: 76 | F7: 121 | G7: 167 | H7: 98 | I7: 46 | J7: 99 | K7: 95 | L7: 58 | M7: 176 | N7: 73 | O7: 184 | P7: =SUM(D7:O7) -> 1295 | Q7: =AVERAGE(D7:O7) -> 107.91667
A8: Enceinte BT | B8: Audio | C8: 933.24 | D8: 48 | E8: 141 | F8: 191 | G8: 67 | H8: 46 | I8: 123 | J8: 102 | K8: 74 | L8: 168 | M8: 181 | N8: 147 | O8: 61 | P8: =SUM(D8:O8) -> 1349 | Q8: =AVERAGE(D8:O8) -> 112.41667
A9: Tapis Souris | B9: Ecran | C9: 1272.14 | D9: 19 | E9: 63 | F9: 13 | G9: 85 | H9: 107 | I9: 73 | J9: 21 | K9: 59 | L9: 150 | M9: 188 | N9: 85 | O9: 59 | P9: =SUM(D9:O9) -> 922 | Q9: =AVERAGE(D9:O9) -> 76.833333
A10: Support PC | B10: Accessoire | C10: 623.67 | D10: 169 | E10: 122 | F10: 41 | G10: 72 | H10: 40 | I10: 68 | J10: 195 | K10: 148 | L10: 142 | M10: 72 | N10: 196 | O10: 154 | P10: =SUM(D10:O10) -> 1419 | Q10: =AVERAGE(D10:O10) -> 118.25
A11: Cable USB-C | B11: Accessoire | C11: 1351.84 | D11: 107 | E11: 97 | F11: 61 | G11: 40 | H11: 135 | I11: 131 | J11: 28 | K11: 198 | L11: 17 | M11: 33 | N11: 44 | O11: 165 | P11: =SUM(D11:O11) -> 1056 | Q11: =AVERAGE(D11:O11) -> 88
A12: Chargeur Rapide | B12: Peripherique | C12: 1198.52 | D12: 113 | E12: 157 | F12: 21 | G12: 103 | H12: 102 | I12: 157 | J12: 124 | K12: 140 | L12: 69 | M12: 146 | N12: 7 | O12: 179 | P12: =SUM(D12:O12) -> 1318 | Q12: =AVERAGE(D12:O12) -> 109.83333
A13: Batterie Externe | B13: Audio | C13: 1038.48 | D13: 142 | E13: 197 | F13: 73 | G13: 169 | H13: 92 | I13: 33 | J13: 80 | K13: 116 | L13: 45 | M13: 121 | N13: 5 | O13: 189 | P13: =SUM(D13:O13) -> 1262 | Q13: =AVERAGE(D13:O13) -> 105.16667
... A21: Bureau Reglable | B21: Accessoire | C21: 563.73 | D21: 110 | E21: 124 | F21: 191 | G21: 18 | H21: 177 | I21: 172 | J21: 170 | K21: 30 | L21: 20 | M21: 108 | N21: 191 | O21: 91 | P21: =SUM(D21:O21) -> 1402 | Q21: =AVERAGE(D21:O21) -> 116.83333
A23: TOTAL | D23: =SUM(D2:D21) -> 2102 | E23: =SUM(E2:E21) -> 2209 | F23: =SUM(F2:F21) -> 1983 | G23: =SUM(G2:G21) -> 1843 | H23: =SUM(H2:H21) -> 2212 | I23: =SUM(I2:I21) -> 1819 | J23: =SUM(J2:J21) -> 2082 | K23: =SUM(K2:K21) -> 1922 | ... P23: =SUM(P2:P21) -> 24681

Sheet Stock
A1: Produit | B1: Stock Actuel | C1: Seuil Alerte | D1: Statut | E1: Reappro Suggere
A2: Casque Audio | B2: 55 | C2: 35 | D2: =IF(B2<C2,"RUPTURE PROCHE","OK") -> OK | E2: =IF(B2<C2,C2*3-B2,0) -> 0
A3: Clavier Meca | B3: 98 | C3: 32 | D3: =IF(B3<C3,"RUPTURE PROCHE","OK") -> OK | E3: =IF(B3<C3,C3*3-B3,0) -> 0
A4: Souris Gaming | B4: 274 | C4: 48 | D4: =IF(B4<C4,"RUPTURE PROCHE","OK") -> OK | E4: =IF(B4<C4,C4*3-B4,0) -> 0
A5: Ecran 27p | B5: 71 | C5: 47 | D5: =IF(B5<C5,"RUPTURE PROCHE","OK") -> OK | E5: =IF(B5<C5,C5*3-B5,0) -> 0
A6: Webcam HD | B6: 93 | C6: 37 | D6: =IF(B6<C6,"RUPTURE PROCHE","OK") -> OK | E6: =IF(B6<C6,C6*3-B6,0) -> 0
A7: Micro USB | B7: 236 | C7: 35 | D7: =IF(B7<C7,"RUPTURE PROCHE","OK") -> OK | E7: =IF(B7<C7,C7*3-B7,0) -> 0
A8: Enceinte BT | B8: 38 | C8: 48 | D8: =IF(B8<C8,"RUPTURE PROCHE","OK") -> RUPTURE PROCHE | E8: =IF(B8<C8,C8*3-B8,0) -> 106
A9: Tapis Souris | B9: 281 | C9: 26 | D9: =IF(B9<C9,"RUPTURE PROCHE","OK") -> OK | E9: =IF(B9<C9,C9*3-B9,0) -> 0
A10: Support PC | B10: 25 | C10: 54 | D10: =IF(B10<C10,"RUPTURE PROCHE","OK") -> RUPTURE PROCHE | E10: =IF(B10<C10,C10*3-B10,0) -> 137
A11: Cable USB-C | B11: 7 | C11: 25 | D11: =IF(B11<C11,"RUPTURE PROCHE","OK") -> RUPTURE PROCHE | E11: =IF(B11<C11,C11*3-B11,0) -> 68
A12: Chargeur Rapide | B12: 121 | C12: 30 | D12: =IF(B12<C12,"RUPTURE PROCHE","OK") -> OK | E12: =IF(B12<C12,C12*3-B12,0) -> 0
A13: Batterie Externe | B13: 208 | C13: 51 | D13: =IF(B13<C13,"RUPTURE PROCHE","OK") -> OK | E13: =IF(B13<C13,C13*3-B13,0) -> 0
... A21: Bureau Reglable | B21: 79 | C21: 32 | D21: =IF(B21<C21,"RUPTURE PROCHE","OK") -> OK | E21: =IF(B21<C21,C21*3-B21,0) -> 0

Sheet Clients
A1: ID Client | B1: Nom | C1: Ville | D1: Segment | E1: CA Annuel (MAD) | F1: Remise (%) | G1: CA Net (MAD)
A2: CL001 | B2: Alpha SARL | C2: Casablanca | D2: Revendeur | E2: 151870.37 | F2: 0 | G2: =E2*(1-F2/100) -> 151870.37
A3: CL002 | B3: Beta Trading | C3: Kenitra | D3: Revendeur | E3: 160234.38 | F3: 0 | G3: =E3*(1-F3/100) -> 160234.38
A4: CL003 | B4: Gamma Distrib | C4: Marrakech | D4: Particulier | E4: 460096.63 | F4: 20 | G4: =E4*(1-F4/100) -> 368077.3
A5: CL004 | B5: Delta Corp | C5: Marrakech | D5: Particulier | E5: 480585.56 | F5: 0 | G5: =E5*(1-F5/100) -> 480585.56
A6: CL005 | B6: Epsilon Shop | C6: Oujda | D6: Particulier | E6: 299542.38 | F6: 5 | G6: =E6*(1-F6/100) -> 284565.26
A7: CL006 | B7: Zeta Import | C7: Tanger | D7: Revendeur | E7: 471090.08 | F7: 20 | G7: =E7*(1-F7/100) -> 376872.06
A8: CL007 | B8: Eta Retail | C8: Rabat | D8: Entreprise | E8: 299286.98 | F8: 20 | G8: =E8*(1-F8/100) -> 239429.58
A9: CL008 | B9: Theta Group | C9: Agadir | D9: Entreprise | E9: 330399.72 | F9: 20 | G9: =E9*(1-F9/100) -> 264319.78
A10: CL009 | B10: Iota Services | C10: Tanger | D10: Entreprise | E10: 106108.3 | F10: 10 | G10: =E10*(1-F10/100) -> 95497.47
A11: CL010 | B11: Kappa Store | C11: Kenitra | D11: Entreprise | E11: 200913.99 | F11: 10 | G11: =E11*(1-F11/100) -> 180822.59
A12: CL011 | B12: Lambda Tech | C12: Casablanca | D12: Entreprise | E12: 464864.07 | F12: 0 | G12: =E12*(1-F12/100) -> 464864.07
A13: CL012 | B13: Mu Solutions | C13: Rabat | D13: Particulier | E13: 312473.83 | F13: 20 | G13: =E13*(1-F13/100) -> 249979.06
... A31: CL030 | B31: Prime Retail | C31: Marrakech | D31: Particulier | E31: 375991.42 | F31: 5 | G31: =E31*(1-F31/100) -> 357191.85
B33: TOTAL | E33: =SUM(E2:E31) -> 8341171.8 | G33: =SUM(G2:G31) -> 7497663.3

Sheet Synthese
A1: Indicateur | B1: Valeur
A2: Total Ventes Annuelles (unites x prix, approx via Ventes) | B2: =SUMPRODUCT(Ventes!C2:C21,Ventes!P2:P21) -> 19033838
A3: Nombre Produits en Rupture Proche | B3: =COUNTIF(Stock!D2:D21,"RUPTURE PROCHE") -> 4
A4: CA Net Total Clients | B4: =SUM(Clients!G2:G31) -> 7497663.3
A5: Nombre Clients Entreprise | B5: =COUNTIF(Clients!D2:D31,"Entreprise") -> 9
A6: Prix Moyen Produits | B6: =AVERAGE(Ventes!C2:C21) -> 773.2155
